Workbook

Sheet Example 1
A1: XLOOKUP Explained | G1: Key Learning:
G2: Understanding XLookup Formula
A3: Project Team | G3: Extract Data - Search from Top and Bottom
A4: Name | B4: Yearly Salary | C4: Division | D4: Current Division
A5: Kim West | B5: 60200 | C5: =_xlfn.XLOOKUP('Example 1'!A5,MD!D:D,MD!B:B,,0,) -> Utility | D5: =_xlfn.XLOOKUP(A5,MD!D:D,MD!B:B,,0,-1) -> Game
A6: Maria Tot | B6: 39627 | C6: =_xlfn.XLOOKUP('Example 1'!A6,MD!D:D,MD!B:B,,0,) -> Game | D6: =_xlfn.XLOOKUP(A6,MD!D:D,MD!B:B,,0,-1) -> Game
A7: Richard Elliot | B7: 29727 | C7: =_xlfn.XLOOKUP('Example 1'!A7,MD!D:D,MD!B:B,,0,) -> Productivity | D7: =_xlfn.XLOOKUP(A7,MD!D:D,MD!B:B,,0,-1) -> Productivity
A8: Stevie Bridge | B8: 93668 | C8: =_xlfn.XLOOKUP('Example 1'!A8,MD!D:D,MD!B:B,,0,) -> Game | D8: =_xlfn.XLOOKUP(A8,MD!D:D,MD!B:B,,0,-1) -> Utility
A9: Roger Mun | B9: 134000 | C9: =_xlfn.XLOOKUP('Example 1'!A9,MD!D:D,MD!B:B,,0,) -> Productivity | D9: =_xlfn.XLOOKUP(A9,MD!D:D,MD!B:B,,0,-1) -> Productivity
A10: Paul Garza | B10: 34808 | C10: =_xlfn.XLOOKUP('Example 1'!A10,MD!D:D,MD!B:B,,0,) -> Productivity | D10: =_xlfn.XLOOKUP(A10,MD!D:D,MD!B:B,,0,-1) -> Productivity
A11: Robert Marquez | B11: 134468 | C11: =_xlfn.XLOOKUP('Example 1'!A11,MD!D:D,MD!B:B,,0,) -> Productivity | D11: =_xlfn.XLOOKUP(A11,MD!D:D,MD!B:B,,0,-1) -> Productivity
A12: Natalie Porter | B12: 45000 | C12: =_xlfn.XLOOKUP('Example 1'!A12,MD!D:D,MD!B:B,,0,) -> Productivity | D12: =_xlfn.XLOOKUP(A12,MD!D:D,MD!B:B,,0,-1) -> Productivity

Sheet MD
A1: Master data for employees
A4: Start Date | B4: Division | C4: Department | D4: Name
A5: 36647 | B5: Game | C5: Sales | D5: Peter Ramsy
A6: 37135 | B6: Productivity | C6: Procurement | D6: Ann Withers
A7: 37438 | B7: Game | C7: Sales | D7: Wolfgang Ramjac
A8: 38200 | B8: Productivity | C8: Finance | D8: Daniel Garrett
A9: 38353 | B9: Productivity | C9: Sales | D9: Robert Spear
A10: 38353 | B10: Productivity | C10: Sales | D10: Paul Garza
A11: 38812 | B11: Game | C11: Finance | D11: Paul Hill
A12: 38961 | B12: Utility | C12: Finance | D12: Gary Miller
A13: 38961 | B13: Game | C13: Sales | D13: Ewan Thompson
A14: 39814 | B14: Productivity | C14: Finance | D14: Richard Elliot
A15: 39814 | B15: Utility | C15: Finance | D15: Daniela Schreiber
A16: 39814 | B16: Utility | C16: Sales | D16: Brigitte Bond
... A37: 43497 | B37: Utility | C37: Finance | D37: Dan Ziegler

Sheet Example 2
A1: Lookup to the LEFT | F1: Key Learning:
F2: Extract Multiple Columns
A3: Employee | B3: ID | C3: Bonus % | D3: Employee Name | F3: If Not Found
A4: Gary Miller | B4: =_xlfn.XLOOKUP(A4,Master!C:C,Master!A:A,) -> ID4 | C4: {=_xlfn.XLOOKUP('Example 2'!B4,B_Master!A:A,B_Master!B:C,"Not Found",0,)} -> 0.24 | D4: Gary Miller
A5: James Willard | B5: =_xlfn.XLOOKUP(A5,Master!C:C,Master!A:A,) -> ID18 | C5: {=_xlfn.XLOOKUP('Example 2'!B5,B_Master!A:A,B_Master!B:C,"Not Found",0,)} -> Not Found
A6: Richard Elliot | B6: =_xlfn.XLOOKUP(A6,Master!C:C,Master!A:A,) -> ID12 | C6: {=_xlfn.XLOOKUP('Example 2'!B6,B_Master!A:A,B_Master!B:C,"Not Found",0,)} -> 0.14 | D6: Richard Elliot
A7: Robert Spear | B7: =_xlfn.XLOOKUP(A7,Master!C:C,Master!A:A,) -> ID8 | C7: {=_xlfn.XLOOKUP('Example 2'!B7,B_Master!A:A,B_Master!B:C,"Not Found",0,)} -> 0.23 | D7: Robert Spear
A8: Roger Mun | B8: =_xlfn.XLOOKUP(A8,Master!C:C,Master!A:A,) -> ID20 | C8: {=_xlfn.XLOOKUP('Example 2'!B8,B_Master!A:A,B_Master!B:C,"Not Found",0,)} -> 0.25 | D8: Roger Mun
A9: Paul Garza | B9: =_xlfn.XLOOKUP(A9,Master!C:C,Master!A:A,) -> ID24 | C9: {=_xlfn.XLOOKUP('Example 2'!B9,B_Master!A:A,B_Master!B:C,"Not Found",0,)} -> 0.1 | D9: Paul Garza
A10: Robert Marquez | B10: =_xlfn.XLOOKUP(A10,Master!C:C,Master!A:A,) -> ID23 | C10: {=_xlfn.XLOOKUP('Example 2'!B10,B_Master!A:A,B_Master!B:C,"Not Found",0,)} -> Not Found
A11: Natalie Porter | B11: =_xlfn.XLOOKUP(A11,Master!C:C,Master!A:A,) -> ID3 | C11: {=_xlfn.XLOOKUP('Example 2'!B11,B_Master!A:A,B_Master!B:C,"Not Found",0,)} -> 0.1 | D11: Natalie Porter
A12: Kim West | B12: =_xlfn.XLOOKUP(A12,Master!C:C,Master!A:A,) -> ID13 | C12: {=_xlfn.XLOOKUP('Example 2'!B12,B_Master!A:A,B_Master!B:C,"Not Found",0,)} -> 0.08 | D12: Kim West
A13: Stevie Bridge | B13: =_xlfn.XLOOKUP(A13,Master!C:C,Master!A:A,) -> ID7 | C13: {=_xlfn.XLOOKUP('Example 2'!B13,B_Master!A:A,B_Master!B:C,"Not Found",0,)} -> 0.27 | D13: Stevie Bridge

Sheet Master
A2: Employee ID | B2: Department | C2: Employee
A3: ID18 | B3: Sales | C3: James Willard
A4: ID8 | B4: Sales | C4: Robert Spear
A5: ID24 | B5: Sales | C5: Paul Garza
A6: ID23 | B6: Sales | C6: Robert Marquez
A7: ID13 | B7: Sales | C7: Kim West
A8: ID7 | B8: Sales | C8: Stevie Bridge
A9: ID19 | B9: Sales | C9: Paul Wells
A10: ID22 | B10: Sales | C10: Ewan Thompson
A11: ID5 | B11: Sales | C11: Walter Miller
A12: ID9 | B12: Sales | C12: Peter Ramsy
A13: ID17 | B13: Sales | C13: Wolfgang Ramjac
... A33: ID31 | B33: Finance | C33: Lukas Hofer

Sheet B_Master
A1: Master Data
A3: EmployeID | B3: Bonus % | C3: Employee Name
A4: ID7 | B4: 0.27 | C4: Stevie Bridge
A5: ID20 | B5: 0.25 | C5: Roger Mun
A6: ID25 | B6: 0.25 | C6: Paul Hill
A7: ID26 | B7: 0.25 | C7: Robert Richardson
A8: ID21 | B8: 0.25 | C8: Maria Tot
A9: ID4 | B9: 0.24 | C9: Gary Miller
A10: ID10 | B10: 0.24 | C10: Brigitte Bond
A11: ID8 | B11: 0.23 | C11: Robert Spear
A12: ID9 | B12: 0.23 | C12: Peter Ramsy
A13: ID1 | B13: 0.21 | C13: Crystal Doyle
A14: ID11 | B14: 0.2 | C14: Dan Ziegler
A15: ID16 | B15: 0.19 | C15: Corinna Schmidt
... A28: ID31 | B28: 0.06 | C28: Lukas Hofer
